Post id,Date,Impressions,Likes,Engagements,Bookmarks,Shares,New follows,Replies,Reposts,Profile visits,Detail Expands,URL Clicks,Hashtag Clicks,Permalink Clicks,DayOfWeek,DayOfWeek_Num,Engagement_Rate,Like_Rate,Reply_Rate,Repost_Rate
1.95791e+18,2025-08-19,658,18,70,0,0,0,26,1,9,16,0,0,0,Tuesday,1,10.638297872340425,2.735562310030395,3.951367781155015,0.1519756838905775
1.95789e+18,2025-08-19,880,34,82,0,0,0,16,0,4,28,0,0,0,Tuesday,1,9.318181818181818,3.8636363636363633,1.8181818181818181,0.0
1.95787e+18,2025-08-19,1000,33,92,0,0,0,24,3,12,20,0,0,0,Tuesday,1,9.2,3.3000000000000003,2.4,0.3
1.95784e+18,2025-08-19,1862,64,201,3,0,0,82,0,19,36,0,0,0,Tuesday,1,10.79484425349087,3.4371643394199785,4.403866809881848,0.0
1.95776e+18,2025-08-19,4210,341,820,9,0,7,347,7,40,52,0,0,0,Tuesday,1,19.47743467933492,8.099762470308788,8.242280285035628,0.166270783847981
1.95756e+18,2025-08-18,1623,56,88,1,0,0,25,1,2,4,0,0,0,Monday,0,5.422057917436845,3.4504004929143557,1.5403573629081946,0.06161429451632779
1.95754e+18,2025-08-18,4290,118,322,5,0,0,94,5,52,53,0,0,0,Monday,0,7.505827505827506,2.7505827505827507,2.191142191142191,0.11655011655011654
1.95753e+18,2025-08-18,3902,77,192,1,0,0,62,3,22,28,0,0,0,Monday,0,4.920553562275757,1.973347001537673,1.5889287544848796,0.0768836494105587
1.95751e+18,2025-08-18,1425,37,75,0,0,0,20,1,7,10,0,0,0,Monday,0,5.263157894736842,2.5964912280701755,1.4035087719298245,0.07017543859649122
1.95748e+18,2025-08-18,6798,92,304,0,0,2,113,9,40,48,0,0,0,Monday,0,4.471903501029715,1.3533392174168875,1.6622536040011768,0.1323918799646955
1.9574e+18,2025-08-18,4231,304,723,11,1,2,313,9,23,46,0,0,0,Monday,0,17.088158827700305,7.185062632947294,7.397778303001655,0.21271567005436068
1.9572e+18,2025-08-17,1517,44,98,0,0,0,33,0,14,7,0,0,0,Sunday,6,6.460118655240607,2.900461437046803,2.175346077785102,0.0
1.95718e+18,2025-08-17,7276,228,665,1,0,4,186,8,202,37,0,0,0,Sunday,6,9.139637163276525,3.1335898845519514,2.5563496426608023,0.10995052226498077
1.95716e+18,2025-08-17,8047,160,405,1,0,0,127,6,62,50,0,0,0,Sunday,6,5.032931527277246,1.9883186280601466,1.5782279110227413,0.0745619485522555
1.95714e+18,2025-08-17,2154,35,82,0,0,0,29,0,7,11,0,0,0,Sunday,6,3.8068709377901575,1.6248839368616528,1.3463324048282266,0.0
1.95712e+18,2025-08-17,11744,217,734,4,0,5,265,15,97,135,0,0,0,Sunday,6,6.25,1.84775204359673,2.2564713896457764,0.127724795640327
1.95703e+18,2025-08-17,4119,287,694,8,2,4,284,11,41,48,0,0,0,Sunday,6,16.848749696528284,6.967710609371207,6.89487739742656,0.2670551104637048
1.95672e+18,2025-08-16,4632,261,626,7,1,2,263,5,23,55,0,0,0,Saturday,5,13.5146804835924,5.634715025906735,5.677892918825561,0.1079447322970639
1.9564e+18,2025-08-15,4207,278,674,8,2,2,263,7,32,68,0,0,0,Friday,4,16.02091751842168,6.608034228666508,6.251485619206084,0.16638935108153077
1.956e+18,2025-08-14,4270,283,728,5,2,0,282,12,25,102,0,0,0,Thursday,3,17.04918032786885,6.6276346604215455,6.604215456674472,0.2810304449648712
1.95559e+18,2025-08-13,4674,334,815,8,1,2,359,12,26,56,0,0,0,Wednesday,2,17.43688489516474,7.1459135643988025,7.680787334189132,0.25673940949935814
1.95544e+18,2025-08-13,77,0,7,0,0,0,1,0,6,0,0,0,0,Wednesday,2,9.090909090909092,0.0,1.2987012987012987,0.0
1.95537e+18,2025-08-12,1551,50,109,1,0,0,31,2,11,15,0,0,0,Tuesday,1,7.0277240490006445,3.2237266279819474,1.9987105093488073,0.1289490651192779
1.95535e+18,2025-08-12,6038,169,489,4,0,10,137,12,92,69,0,0,0,Tuesday,1,8.09870818151706,2.7989400463729712,2.2689632328585625,0.1987413050679033
1.95533e+18,2025-08-12,1442,43,115,0,0,0,33,2,11,26,0,0,0,Tuesday,1,7.975034674063801,2.9819694868238558,2.2884882108183078,0.13869625520110956
1.95531e+18,2025-08-12,13252,176,613,5,1,1,240,10,60,126,0,0,0,Tuesday,1,4.6257168729248415,1.328101418653788,1.8110473890733476,0.07546030787805615
1.95522e+18,2025-08-12,4092,307,731,10,1,7,317,7,28,39,0,0,0,Tuesday,1,17.864125122189638,7.502443792766374,7.746823069403715,0.1710654936461388
1.95501e+18,2025-08-11,14290,205,761,3,0,1,305,9,96,145,0,0,0,Monday,0,5.325402379286214,1.4345696291112666,2.134359692092372,0.06298110566829951
1.95499e+18,2025-08-11,7223,162,459,4,0,3,160,9,72,53,0,0,0,Monday,0,6.354700263048595,2.2428353869583275,2.2151460611934097,0.12460196594212931
1.95497e+18,2025-08-11,4650,102,297,1,0,2,81,10,26,76,0,0,0,Monday,0,6.387096774193549,2.193548387096774,1.7419354838709675,0.21505376344086022
1.95494e+18,2025-08-11,6178,65,221,1,0,1,88,1,35,31,0,0,0,Monday,0,3.5772094528973777,1.0521204273227582,1.424409193913888,0.01618646811265782
1.95486e+18,2025-08-11,4676,339,916,7,1,4,349,12,30,160,0,0,0,Monday,0,19.58939264328486,7.249786142001711,7.463644140290847,0.2566295979469632
1.95486e+18,2025-08-11,147,1,3,0,0,0,1,0,0,1,0,0,0,Monday,0,2.0408163265306123,0.6802721088435374,0.6802721088435374,0.0
1.95466e+18,2025-08-10,18782,292,696,7,0,3,170,6,86,139,0,0,0,Sunday,6,3.7056756468959646,1.554680012778192,0.9051219252475774,0.03194547971462038
1.95464e+18,2025-08-10,4996,116,325,4,6,2,65,5,20,48,1,0,0,Sunday,6,6.5052041633306645,2.321857485988791,1.301040832666133,0.10008006405124098
1.95463e+18,2025-08-10,4339,120,462,0,0,6,128,1,142,65,0,0,0,Sunday,6,10.647614657755243,2.7656141968195436,2.9499884766075133,0.023046784973496198
1.95461e+18,2025-08-10,3912,129,275,5,0,0,90,2,27,27,0,0,0,Sunday,6,7.029652351738242,3.2975460122699385,2.3006134969325154,0.051124744376278126
1.95458e+18,2025-08-10,5331,85,247,2,0,0,102,5,26,29,0,0,0,Sunday,6,4.633277058713188,1.5944475708122303,1.9133370849746762,0.09379103357719003
1.9545e+18,2025-08-10,6216,363,926,8,1,3,347,21,50,102,0,0,0,Sunday,6,14.897039897039896,5.83976833976834,5.582368082368083,0.33783783783783783
1.95428e+18,2025-08-09,2290,85,189,1,0,0,54,8,22,20,0,0,0,Saturday,5,8.253275109170307,3.711790393013101,2.3580786026200875,0.34934497816593885
1.95426e+18,2025-08-09,3009,116,394,2,0,0,104,0,117,57,0,0,0,Saturday,5,13.09405117979395,3.85510136257893,3.456297773346627,0.0
1.95425e+18,2025-08-09,1936,47,112,2,0,1,32,0,12,20,0,0,0,Saturday,5,5.785123966942149,2.427685950413223,1.6528925619834711,0.0
1.95422e+18,2025-08-09,2751,45,163,3,0,0,63,5,24,26,0,0,0,Saturday,5,5.925118138858597,1.6357688113413305,2.2900763358778624,0.1817520901490367
1.95415e+18,2025-08-09,2379,139,353,5,0,0,163,2,10,34,0,0,0,Saturday,5,14.838167297183691,5.842791088692728,6.851618327028162,0.08406893652795291
1.95392e+18,2025-08-08,9862,78,505,1,0,1,38,2,14,372,0,0,0,Friday,4,5.12066517947678,0.7909146217805718,0.3853173798418171,0.020279862096937742
1.9539e+18,2025-08-08,2399,74,198,0,0,0,75,1,21,27,0,0,0,Friday,4,8.253438932888704,3.0846185910796167,3.1263026260942057,0.041684035014589414
1.95388e+18,2025-08-08,1496,42,92,1,0,0,33,2,4,11,0,0,0,Friday,4,6.149732620320856,2.807486631016043,2.2058823529411766,0.1336898395721925
1.95386e+18,2025-08-08,2525,52,132,1,0,0,45,0,15,20,0,0,0,Friday,4,5.227722772277228,2.0594059405940595,1.782178217821782,0.0
1.95378e+18,2025-08-08,5024,351,842,17,0,4,370,6,53,57,0,0,0,Friday,4,16.75955414012739,6.986464968152867,7.364649681528662,0.11942675159235669
1.95356e+18,2025-08-07,3226,116,291,1,0,0,89,2,32,52,0,0,0,Thursday,3,9.020458772473651,3.5957842529448234,2.7588344699318044,0.06199628022318661
1.95354e+18,2025-08-07,2450,87,196,3,0,0,59,0,23,27,0,0,0,Thursday,3,8.0,3.5510204081632657,2.4081632653061225,0.0
1.95352e+18,2025-08-07,2065,61,139,1,0,0,44,2,19,13,0,0,0,Thursday,3,6.731234866828087,2.953995157384988,2.1307506053268765,0.09685230024213075
1.95349e+18,2025-08-07,2692,60,156,2,0,0,60,1,22,13,0,0,0,Thursday,3,5.794947994056463,2.2288261515601784,2.2288261515601784,0.03714710252600297
1.95342e+18,2025-08-07,149,4,20,0,0,0,5,0,4,7,0,0,0,Thursday,3,13.422818791946309,2.684563758389262,3.3557046979865772,0.0
1.95342e+18,2025-08-07,4252,270,666,10,0,7,276,5,33,75,0,0,0,Thursday,3,15.663217309501412,6.349952963311383,6.491063029162747,0.11759172154280338
1.95319e+18,2025-08-06,7492,170,474,14,0,1,169,13,66,55,0,0,0,Wednesday,2,6.326748531767218,2.269087026161239,2.2557394554191137,0.17351841964762413
1.95318e+18,2025-08-06,5211,161,373,5,0,3,112,10,30,57,0,0,0,Wednesday,2,7.1579351372097495,3.089618115524851,2.1492995586259838,0.19190174630589138
1.95316e+18,2025-08-06,2364,81,196,2,0,0,53,2,16,44,0,0,0,Wednesday,2,8.29103214890017,3.4263959390862944,2.241962774957699,0.08460236886632826
1.95314e+18,2025-08-06,241,2,5,0,0,0,1,0,0,2,0,0,0,Wednesday,2,2.0746887966804977,0.8298755186721992,0.4149377593360996,0.0
1.95313e+18,2025-08-06,5932,114,336,3,0,1,123,6,39,53,0,0,0,Wednesday,2,5.664194200944032,1.9217801753202968,2.0734996628455833,0.10114632501685772
1.95305e+18,2025-08-06,4859,332,843,12,0,0,330,15,27,120,0,0,0,Wednesday,2,17.349248816628936,6.832681621732867,6.791520889071825,0.30870549495781024
1.95283e+18,2025-08-05,3302,110,216,2,0,0,56,4,13,33,0,0,0,Tuesday,1,6.541490006056935,3.3313143549364024,1.6959418534221684,0.12113870381586916
1.95281e+18,2025-08-05,2066,55,114,1,0,0,32,0,4,23,0,0,0,Tuesday,1,5.517909002904163,2.6621490803484993,1.5488867376573088,0.0
1.9528e+18,2025-08-05,6114,98,251,1,0,1,68,3,27,54,0,0,0,Tuesday,1,4.105332024860974,1.602878639188747,1.1122015047432123,0.04906771344455348
1.95277e+18,2025-08-05,12088,158,519,3,1,1,185,16,66,93,0,0,0,Tuesday,1,4.2935142289874255,1.3070814030443416,1.530443414956982,0.13236267372600927
1.9527e+18,2025-08-05,1030,38,110,0,1,0,27,2,2,41,0,0,0,Tuesday,1,10.679611650485436,3.6893203883495143,2.621359223300971,0.1941747572815534
1.95247e+18,2025-08-04,2846,93,217,1,0,0,73,5,10,36,0,0,0,Monday,0,7.624736472241743,3.267744202389318,2.5650035137034433,0.17568517217146873
1.95245e+18,2025-08-04,6623,119,295,4,0,0,91,8,52,25,0,0,0,Monday,0,4.454174845236298,1.796768835874981,1.3739996980220444,0.12079118224369621
1.95243e+18,2025-08-04,6376,144,380,2,0,1,140,13,47,35,0,0,0,Monday,0,5.959849435382685,2.258469259723965,2.1957340025094103,0.2038895859473024
1.95241e+18,2025-08-04,3231,57,177,0,0,0,59,3,16,42,0,0,0,Monday,0,5.478180129990715,1.7641597028783658,1.826060043330238,0.09285051067780872
1.9524e+18,2025-08-04,127,3,6,0,0,0,1,0,2,0,0,0,0,Monday,0,4.724409448818897,2.3622047244094486,0.7874015748031495,0.0
1.95233e+18,2025-08-04,3657,274,654,10,0,3,285,13,26,37,1,0,0,Monday,0,17.883511074651352,7.492480175006837,7.793273174733388,0.3554826360404703
1.95211e+18,2025-08-03,8168,173,447,4,0,0,144,10,61,59,0,0,0,Sunday,6,5.4725759059745345,2.118021547502449,1.762977473065622,0.12242899118511265
1.95209e+18,2025-08-03,4284,107,205,3,2,1,56,7,20,14,0,0,0,Sunday,6,4.785247432306257,2.4976657329598506,1.3071895424836601,0.16339869281045752
1.95207e+18,2025-08-03,11320,235,649,6,0,3,245,11,87,68,0,0,0,Sunday,6,5.73321554770318,2.075971731448763,2.1643109540636045,0.0971731448763251
1.95204e+18,2025-08-03,10402,119,445,1,2,1,158,4,59,104,0,0,0,Sunday,6,4.278023457027494,1.1440107671601614,1.5189386656412227,0.03845414343395501
1.95196e+18,2025-08-03,4428,236,534,7,0,0,240,5,29,23,0,0,0,Sunday,6,12.059620596205962,5.329719963866306,5.420054200542006,0.11291779584462511
1.95175e+18,2025-08-02,5027,99,396,4,4,0,41,8,47,108,0,0,0,Saturday,5,7.87746170678337,1.9693654266958425,0.8155957827730256,0.15914064054107818
1.95173e+18,2025-08-02,1527,53,112,0,0,1,24,1,10,23,0,0,0,Saturday,5,7.334643091028161,3.470857891290111,1.5717092337917484,0.06548788474132286
1.95171e+18,2025-08-02,2105,61,154,0,0,1,42,0,17,33,0,0,0,Saturday,5,7.315914489311163,2.8978622327790973,1.9952494061757717,0.0
1.95168e+18,2025-08-02,11260,131,550,1,0,4,204,7,67,137,0,0,0,Saturday,5,4.8845470692717585,1.163410301953819,1.8117229129662522,0.06216696269982238
1.95164e+18,2025-08-02,65,0,0,0,0,0,0,0,0,0,0,0,0,Saturday,5,0.0,0.0,0.0,0.0
1.95162e+18,2025-08-02,3966,211,495,7,0,2,223,8,22,29,0,0,0,Saturday,5,12.48108925869894,5.320221886031265,5.62279374684821,0.2017145738779627
1.95138e+18,2025-08-01,1529,53,107,1,0,0,27,1,11,15,0,0,0,Friday,4,6.998037933289732,3.4663178548070634,1.7658600392413342,0.06540222367560497
1.95137e+18,2025-08-01,1476,38,120,1,1,0,19,0,8,20,1,0,0,Friday,4,8.130081300813007,2.5745257452574526,1.2872628726287263,0.0
1.95135e+18,2025-08-01,10067,255,829,7,0,9,239,13,175,138,0,0,0,Friday,4,8.234826661368828,2.533028707658687,2.3740935730604944,0.12913479686103108
1.95132e+18,2025-08-01,1948,49,127,1,0,0,35,0,19,24,0,0,0,Friday,4,6.519507186858315,2.515400410677618,1.7967145790554413,0.0
1.95124e+18,2025-08-01,4966,330,821,6,1,2,359,6,34,77,0,0,0,Friday,4,16.53242045912203,6.645187273459524,7.229158276278695,0.12082158679017317
1.95102e+18,2025-07-31,2433,108,206,1,0,1,65,1,13,18,0,0,0,Thursday,3,8.466913275791205,4.438964241676942,2.6715988491574185,0.04110152075626798
1.951e+18,2025-07-31,4463,163,315,0,0,0,73,7,38,34,0,0,0,Thursday,3,7.058032713421465,3.652251848532377,1.6356710732691015,0.1568451714093659
1.95098e+18,2025-07-31,2187,87,161,1,0,0,36,1,13,24,0,0,0,Thursday,3,7.361682670324646,3.9780521262002746,1.646090534979424,0.04572473708276177
1.95096e+18,2025-07-31,81,0,0,0,0,0,0,0,0,0,0,0,0,Thursday,3,0.0,0.0,0.0,0.0
1.95096e+18,2025-07-31,48,0,0,0,0,0,0,0,0,0,0,0,0,Thursday,3,0.0,0.0,0.0,0.0
1.95096e+18,2025-07-31,65,2,4,0,0,0,1,0,0,1,0,0,0,Thursday,3,6.153846153846154,3.076923076923077,1.5384615384615385,0.0
1.95096e+18,2025-07-31,67,2,6,0,0,0,1,0,3,0,0,0,0,Thursday,3,8.955223880597014,2.9850746268656714,1.4925373134328357,0.0
1.95096e+18,2025-07-31,3071,76,166,1,0,1,51,3,17,18,0,0,0,Thursday,3,5.405405405405405,2.474763920547053,1.660696841419733,0.09768804949527841
1.95091e+18,2025-07-31,2091,71,189,1,0,0,59,2,12,45,0,0,0,Thursday,3,9.038737446197992,3.3955045432807274,2.8216164514586324,0.09564801530368246
1.95069e+18,2025-07-30,49,0,0,0,0,0,0,0,0,0,0,0,0,Wednesday,2,0.0,0.0,0.0,0.0
1.95066e+18,2025-07-30,2287,85,150,2,0,0,33,3,10,19,0,0,0,Wednesday,2,6.558810668998688,3.716659379099257,1.4429383471797115,0.13117621337997376
1.95064e+18,2025-07-30,1928,65,115,0,0,0,24,0,9,17,0,0,0,Wednesday,2,5.964730290456432,3.371369294605809,1.2448132780082988,0.0
1.95062e+18,2025-07-30,4784,86,277,2,0,0,95,2,28,66,0,0,0,Wednesday,2,5.790133779264214,1.797658862876254,1.9857859531772575,0.04180602006688963
1.95059e+18,2025-07-30,1698,41,83,5,0,0,25,0,9,8,0,0,0,Wednesday,2,4.888103651354535,2.4146054181389873,1.4723203769140165,0.0
1.95057e+18,2025-07-30,1311,53,102,2,1,0,28,2,2,12,0,0,0,Wednesday,2,7.780320366132723,4.0427154843630815,2.135774218154081,0.15255530129672007
1.95051e+18,2025-07-30,3485,255,662,8,0,1,302,3,24,77,0,0,0,Wednesday,2,18.995695839311335,7.317073170731707,8.66571018651363,0.0860832137733142
1.95034e+18,2025-07-29,1982,62,154,0,0,0,30,5,13,44,0,0,0,Tuesday,1,7.769929364278506,3.128153380423814,1.513622603430878,0.2522704339051463
1.95028e+18,2025-07-29,1857,50,134,5,0,0,36,0,18,30,0,0,0,Tuesday,1,7.215939687668282,2.6925148088314486,1.938610662358643,0.0
1.95024e+18,2025-07-29,1970,65,155,2,0,0,64,1,25,0,0,0,0,Tuesday,1,7.868020304568528,3.2994923857868024,3.248730964467005,0.050761421319796954
1.95016e+18,2025-07-29,3409,246,578,11,0,0,287,3,42,0,0,0,0,Tuesday,1,16.955118803168084,7.216192431798181,8.41889117043121,0.0880023467292461
1.94998e+18,2025-07-28,26,0,2,0,0,0,1,0,1,0,0,0,0,Monday,0,7.6923076923076925,0.0,3.8461538461538463,0.0
1.94998e+18,2025-07-28,316,0,8,0,0,0,1,0,3,4,0,0,0,Monday,0,2.5316455696202533,0.0,0.31645569620253167,0.0
1.94988e+18,2025-07-28,44,1,1,0,0,0,0,0,0,0,0,0,0,Monday,0,2.272727272727273,2.272727272727273,0.0,0.0
1.94979e+18,2025-07-28,4867,334,730,10,0,1,352,4,39,0,0,0,0,Monday,0,14.998972673104582,6.8625436613930555,7.2323813437435795,0.08218615163344976
1.94951e+18,2025-07-27,3744,145,308,1,1,2,104,13,43,1,0,0,0,Sunday,6,8.226495726495726,3.872863247863248,2.7777777777777777,0.3472222222222222
1.94943e+18,2025-07-27,5192,319,732,12,1,0,327,8,58,1,0,0,0,Sunday,6,14.098613251155623,6.1440677966101696,6.298151001540832,0.15408320493066258
1.94909e+18,2025-07-26,680,19,30,0,0,0,7,0,4,0,0,0,0,Saturday,5,4.411764705882353,2.794117647058824,1.0294117647058822,0.0
1.94909e+18,2025-07-26,4970,225,478,7,0,0,220,5,27,1,0,0,0,Saturday,5,9.617706237424548,4.527162977867203,4.426559356136821,0.1006036217303823
1.94908e+18,2025-07-26,94,1,1,0,0,0,0,0,0,0,0,0,0,Saturday,5,1.0638297872340425,1.0638297872340425,0.0,0.0
1.94884e+18,2025-07-25,13015,237,795,4,0,8,264,39,246,1,0,0,0,Friday,4,6.1083365347675755,1.8209757971571265,2.028428736073761,0.2996542451018056
1.94882e+18,2025-07-25,2178,64,125,0,0,0,44,3,14,0,0,0,0,Friday,4,5.73921028466483,2.938475665748393,2.0202020202020203,0.13774104683195593
1.94871e+18,2025-07-25,3286,246,554,7,0,1,284,5,18,0,0,0,0,Friday,4,16.859403530127814,7.486305538648813,8.642726719415702,0.15216068167985392
1.94842e+18,2025-07-24,164,4,6,0,0,0,1,0,1,0,0,0,0,Thursday,3,3.6585365853658534,2.4390243902439024,0.6097560975609756,0.0
1.94842e+18,2025-07-24,4734,90,245,2,0,1,98,5,50,1,0,0,0,Thursday,3,5.175327418673426,1.9011406844106464,2.0701309674693706,0.10561892691170256
1.9484e+18,2025-07-24,1385,37,66,3,0,0,10,4,9,1,3,0,0,Thursday,3,4.765342960288808,2.6714801444043323,0.7220216606498195,0.2888086642599278
1.94834e+18,2025-07-24,3795,237,543,8,0,1,265,7,27,0,0,0,0,Thursday,3,14.308300395256918,6.24505928853755,6.982872200263504,0.1844532279314888
1.9481e+18,2025-07-23,11961,139,453,8,1,0,204,14,96,0,0,0,0,Wednesday,2,3.7873087534487087,1.162110191455564,1.7055430147980937,0.11704706964300643
1.94808e+18,2025-07-23,1214,38,70,1,0,0,16,1,3,0,0,0,0,Wednesday,2,5.766062602965404,3.130148270181219,1.3179571663920924,0.08237232289950577
1.94805e+18,2025-07-23,96,1,2,0,0,0,1,0,0,0,0,0,0,Wednesday,2,2.083333333333333,1.0416666666666665,1.0416666666666665,0.0
1.94798e+18,2025-07-23,4195,305,696,9,0,0,335,7,49,0,0,0,0,Wednesday,2,16.5911799761621,7.270560190703218,7.985697258641239,0.16686531585220502
1.94774e+18,2025-07-22,1923,66,128,0,0,1,50,2,9,0,0,0,0,Tuesday,1,6.6562662506500265,3.43213728549142,2.6001040041601664,0.10400416016640666
1.94761e+18,2025-07-22,4097,310,687,11,0,4,318,4,34,0,0,0,0,Tuesday,1,16.768367097876492,7.5665120820112275,7.761776909934098,0.0976324139614352
1.94734e+18,2025-07-21,810,18,25,0,0,0,6,1,0,0,0,0,0,Monday,0,3.0864197530864197,2.2222222222222223,0.7407407407407408,0.12345679012345678
1.94734e+18,2025-07-21,2165,59,127,0,0,1,49,2,16,0,0,0,0,Monday,0,5.866050808314087,2.725173210161663,2.2632794457274827,0.09237875288683603
1.94734e+18,2025-07-21,135,1,4,0,0,0,2,0,1,0,0,0,0,Monday,0,2.9629629629629632,0.7407407407407408,1.4814814814814816,0.0
1.94725e+18,2025-07-21,3675,278,595,13,0,1,283,5,26,0,0,0,0,Monday,0,16.19047619047619,7.564625850340136,7.700680272108844,0.13605442176870747
1.94708e+18,2025-07-20,1251,14,36,0,0,0,4,0,2,0,16,0,0,Sunday,6,2.877697841726619,1.1191047162270185,0.31974420463629094,0.0
1.94708e+18,2025-07-20,3104,158,364,6,0,2,170,4,21,0,0,0,0,Sunday,6,11.72680412371134,5.09020618556701,5.47680412371134,0.12886597938144329
1.9469e+18,2025-07-20,42,2,2,0,0,0,0,0,0,0,0,0,0,Sunday,6,4.761904761904762,4.761904761904762,0.0,0.0
1.9469e+18,2025-07-20,3342,226,513,7,1,4,261,1,21,0,0,0,0,Sunday,6,15.350089766606823,6.762417713943747,7.809694793536805,0.029922202274087373
1.94661e+18,2025-07-19,5625,104,250,3,0,1,103,3,39,0,0,0,0,Saturday,5,4.444444444444445,1.8488888888888888,1.8311111111111111,0.05333333333333334
1.94655e+18,2025-07-19,1079,32,59,1,0,0,17,0,10,0,0,0,0,Saturday,5,5.4680259499536605,2.9657089898053752,1.5755329008341055,0.0
1.94654e+18,2025-07-19,4227,271,607,14,1,1,298,1,25,0,0,0,0,Saturday,5,14.360066240832742,6.411166311805062,7.049917198959073,0.02365744026496333
1.94629e+18,2025-07-18,1521,59,107,0,0,0,39,3,6,0,0,0,0,Friday,4,7.034845496383959,3.879026955950033,2.564102564102564,0.19723865877712032
1.94625e+18,2025-07-18,156,2,6,0,0,0,2,0,2,0,0,0,0,Friday,4,3.8461538461538463,1.282051282051282,1.282051282051282,0.0
1.94616e+18,2025-07-18,3375,257,554,9,0,0,253,3,30,0,0,0,0,Friday,4,16.414814814814815,7.614814814814815,7.496296296296297,0.08888888888888889
1.94598e+18,2025-07-17,79,8,13,0,0,0,3,0,2,0,0,0,0,Thursday,3,16.455696202531644,10.126582278481013,3.79746835443038,0.0
1.9459e+18,2025-07-17,13497,173,496,4,1,1,190,18,114,0,0,0,0,Thursday,3,3.6748907164555087,1.281766318441135,1.4077202341261021,0.13336296954878862
1.94588e+18,2025-07-17,59,0,1,0,0,0,0,0,1,0,0,0,0,Thursday,3,1.694915254237288,0.0,0.0,0.0
1.94581e+18,2025-07-17,3420,272,589,13,1,3,278,7,29,0,0,0,0,Thursday,3,17.22222222222222,7.953216374269006,8.128654970760234,0.20467836257309943
1.9456e+18,2025-07-16,586,16,20,0,0,0,1,0,1,0,1,0,0,Wednesday,2,3.4129692832764507,2.7303754266211606,0.17064846416382254,0.0
1.9456e+18,2025-07-16,1616,33,73,1,0,0,17,0,12,2,0,0,0,Wednesday,2,4.517326732673268,2.0420792079207923,1.051980198019802,0.0
1.9456e+18,2025-07-16,95,15,29,3,0,0,7,5,2,0,0,0,0,Wednesday,2,30.526315789473685,15.789473684210526,7.368421052631578,5.263157894736842
1.94556e+18,2025-07-16,51,1,2,0,0,0,0,0,1,0,0,0,0,Wednesday,2,3.9215686274509802,1.9607843137254901,0.0,0.0
1.94556e+18,2025-07-16,3144,81,129,3,0,0,33,3,12,0,0,0,0,Wednesday,2,4.103053435114504,2.5763358778625953,1.049618320610687,0.09541984732824427
1.94556e+18,2025-07-16,452,10,14,0,0,0,2,1,1,0,0,0,0,Wednesday,2,3.0973451327433628,2.2123893805309733,0.4424778761061947,0.22123893805309736
1.94555e+18,2025-07-16,42,0,1,0,0,0,0,0,1,0,0,0,0,Wednesday,2,2.380952380952381,0.0,0.0,0.0
1.94544e+18,2025-07-16,767,12,16,0,0,0,3,0,1,0,0,0,0,Wednesday,2,2.0860495436766624,1.564537157757497,0.3911342894393742,0.0
1.94544e+18,2025-07-16,4979,316,692,11,0,2,313,10,34,0,0,0,0,Wednesday,2,13.898373167302672,6.346655955011046,6.286402892147018,0.20084354288009643
1.94527e+18,2025-07-15,129,0,0,0,0,0,0,0,0,0,0,0,0,Tuesday,1,0.0,0.0,0.0,0.0
1.9452e+18,2025-07-15,2427,61,136,1,0,1,60,1,13,0,0,0,0,Tuesday,1,5.603625875566543,2.5133910177173466,2.4721878862793574,0.04120313143798929
1.94518e+18,2025-07-15,148,0,6,0,0,0,2,0,4,0,0,0,0,Tuesday,1,4.054054054054054,0.0,1.3513513513513513,0.0
1.94516e+18,2025-07-15,2188,50,119,3,0,0,50,1,18,0,0,0,0,Tuesday,1,5.4387568555758685,2.2851919561243146,2.2851919561243146,0.04570383912248629
1.94512e+18,2025-07-15,383,3,6,0,0,0,3,0,0,0,0,0,0,Tuesday,1,1.5665796344647518,0.7832898172323759,0.7832898172323759,0.0
1.94509e+18,2025-07-15,5359,246,575,9,1,2,283,2,26,0,0,0,0,Tuesday,1,10.72961373390558,4.5904086583317785,5.280835976861355,0.03732039559619332
1.94472e+18,2025-07-14,5553,318,710,8,1,2,348,10,29,0,0,0,0,Monday,0,12.785881505492528,5.726634251755808,6.266882766072393,0.18008283810552855
1.9447e+18,2025-07-14,41,0,0,0,0,0,0,0,0,0,0,0,0,Monday,0,0.0,0.0,0.0,0.0
1.94444e+18,2025-07-13,529,43,99,6,0,0,18,23,15,0,0,0,0,Sunday,6,18.714555765595463,8.128544423440454,3.402646502835539,4.3478260869565215
1.94444e+18,2025-07-13,18,2,3,0,0,0,0,0,1,0,0,0,0,Sunday,6,16.666666666666664,11.11111111111111,0.0,0.0
1.94444e+18,2025-07-13,22,2,2,0,0,0,0,0,0,0,0,0,0,Sunday,6,9.090909090909092,9.090909090909092,0.0,0.0
1.94444e+18,2025-07-13,78,2,2,0,0,0,0,0,0,0,0,0,0,Sunday,6,2.564102564102564,2.564102564102564,0.0,0.0
1.94444e+18,2025-07-13,2861,103,206,2,0,2,73,5,23,0,0,0,0,Sunday,6,7.200279622509612,3.600139811254806,2.551555400209717,0.17476406850751486
1.94437e+18,2025-07-13,4043,245,526,9,0,2,241,9,29,0,0,0,0,Sunday,6,13.010140984417513,6.059856542171654,5.960920108830077,0.2226069750185506
1.94407e+18,2025-07-12,88,1,1,0,0,0,0,0,0,0,0,0,0,Saturday,5,1.1363636363636365,1.1363636363636365,0.0,0.0
1.94406e+18,2025-07-12,2945,114,219,1,0,0,79,3,23,0,0,0,0,Saturday,5,7.436332767402377,3.870967741935484,2.6825127334465195,0.10186757215619693
1.94402e+18,2025-07-12,5668,288,595,8,0,0,276,10,21,0,0,0,0,Saturday,5,10.497529992942837,5.081157374735357,4.869442484121383,0.17642907551164433
1.94363e+18,2025-07-11,4066,383,877,7,0,1,395,9,29,47,1,0,0,Friday,4,21.569109690113134,9.41957697983276,9.71470732907034,0.22134776192818495
1.94363e+18,2025-07-11,118,1,8,0,0,0,1,0,2,4,0,0,0,Friday,4,6.779661016949152,0.847457627118644,0.847457627118644,0.0
1.94362e+18,2025-07-11,187,0,17,0,0,0,2,0,5,0,0,0,0,Friday,4,9.090909090909092,0.0,1.06951871657754,0.0
1.94345e+18,2025-07-10,157,1,11,0,0,0,1,0,2,7,0,0,0,Thursday,3,7.006369426751593,0.6369426751592357,0.6369426751592357,0.0
1.94345e+18,2025-07-10,127,1,5,0,0,0,4,0,0,0,0,0,0,Thursday,3,3.937007874015748,0.7874015748031495,3.149606299212598,0.0
1.94335e+18,2025-07-10,147,0,5,0,0,0,2,0,1,2,0,0,0,Thursday,3,3.4013605442176873,0.0,1.3605442176870748,0.0
1.94331e+18,2025-07-10,120,0,1,0,0,0,0,0,0,1,0,0,0,Thursday,3,0.8333333333333334,0.0,0.0,0.0
1.9433e+18,2025-07-10,13,0,4,0,0,0,1,0,3,0,0,0,0,Thursday,3,30.76923076923077,0.0,7.6923076923076925,0.0
1.9433e+18,2025-07-10,199,0,4,0,0,0,1,0,1,2,0,0,0,Thursday,3,2.0100502512562812,0.0,0.5025125628140703,0.0
1.94327e+18,2025-07-10,4062,379,885,8,0,0,415,5,21,56,0,0,0,Thursday,3,21.787296898079763,9.330379123584441,10.216642048252092,0.12309207287050715
1.94298e+18,2025-07-09,15649,312,1010,3,3,1,342,12,65,100,1,0,0,Wednesday,2,6.454086523100518,1.9937376190171896,2.185443159307304,0.07668221611604575
1.94295e+18,2025-07-09,1608,103,269,1,0,1,89,4,16,35,16,0,0,Wednesday,2,16.728855721393035,6.4054726368159205,5.534825870646766,0.24875621890547264
1.9429e+18,2025-07-09,6536,372,908,12,0,1,401,9,65,40,0,0,0,Wednesday,2,13.892288861689106,5.691554467564259,6.135250917992656,0.13769889840881275
1.94273e+18,2025-07-08,1142,14,34,0,0,0,2,0,1,1,16,0,0,Tuesday,1,2.9772329246935203,1.2259194395796849,0.17513134851138354,0.0
1.94273e+18,2025-07-08,3077,249,616,9,0,2,257,1,31,66,0,0,0,Tuesday,1,20.019499512512187,8.092297692557686,8.352291192720182,0.032499187520311994
1.94269e+18,2025-07-08,76,3,10,0,0,0,4,0,3,0,0,0,0,Tuesday,1,13.157894736842104,3.9473684210526314,5.263157894736842,0.0
1.94263e+18,2025-07-08,374,2,25,0,0,0,0,0,1,0,22,0,0,Tuesday,1,6.684491978609626,0.53475935828877,0.0,0.0
1.94263e+18,2025-07-08,247,4,11,0,0,0,0,0,7,0,0,0,0,Tuesday,1,4.4534412955465585,1.6194331983805668,0.0,0.0
1.94262e+18,2025-07-08,34,1,1,0,0,0,0,0,0,0,0,0,0,Tuesday,1,2.941176470588235,2.941176470588235,0.0,0.0
1.94262e+18,2025-07-08,51,0,0,0,0,0,0,0,0,0,0,0,0,Tuesday,1,0.0,0.0,0.0,0.0
1.94262e+18,2025-07-08,37,1,2,0,0,0,0,0,1,0,0,0,0,Tuesday,1,5.405405405405405,2.7027027027027026,0.0,0.0
1.94261e+18,2025-07-08,3042,104,260,0,0,2,85,2,49,18,0,0,0,Tuesday,1,8.547008547008547,3.418803418803419,2.7942143326758715,0.06574621959237344
1.94259e+18,2025-07-08,137,1,2,0,0,0,0,0,1,0,0,0,0,Tuesday,1,1.4598540145985401,0.7299270072992701,0.0,0.0
1.94255e+18,2025-07-08,4498,308,822,14,1,5,345,7,55,75,0,0,0,Tuesday,1,18.274788795020008,6.847487772343264,7.670075589150733,0.15562472209871053
1.94234e+18,2025-07-07,113,2,3,0,0,0,0,0,1,0,0,0,0,Monday,0,2.6548672566371683,1.7699115044247788,0.0,0.0
1.94226e+18,2025-07-07,1673,102,195,5,0,0,45,0,22,26,0,0,0,Monday,0,11.655708308427974,6.096832038254632,2.6897788404064555,0.0
1.94218e+18,2025-07-07,4059,283,691,12,1,2,296,2,28,74,0,0,0,Monday,0,17.02389751170239,6.972160630697216,7.292436560729245,0.04927322000492732
1.94196e+18,2025-07-06,25514,337,1589,8,3,2,77,72,344,111,1,0,0,Sunday,6,6.227953280551854,1.3208434584933764,0.3017950928901779,0.2821980089362703
1.94194e+18,2025-07-06,81,3,3,0,0,0,0,0,0,0,0,0,0,Sunday,6,3.7037037037037033,3.7037037037037033,0.0,0.0
1.94194e+18,2025-07-06,54,4,5,0,0,0,0,0,0,1,0,0,0,Sunday,6,9.25925925925926,7.4074074074074066,0.0,0.0
1.94183e+18,2025-07-06,5008,346,889,9,2,3,352,8,33,121,1,0,0,Sunday,6,17.751597444089455,6.9089456869009584,7.0287539936102235,0.1597444089456869
1.9415e+18,2025-07-05,973,58,196,6,0,3,18,19,34,64,0,0,0,Saturday,5,20.14388489208633,5.960945529290853,1.8499486125385407,1.9527235354573484
1.94149e+18,2025-07-05,8173,274,736,7,2,4,73,59,133,61,1,0,0,Saturday,5,9.00526122598801,3.3525021411966227,0.8931848770341368,0.7218891471919736
1.94146e+18,2025-07-05,3791,266,639,8,0,8,277,4,21,44,0,0,0,Saturday,5,16.85571089422316,7.016618306515432,7.306779213927723,0.10551305724083357
1.9411e+18,2025-07-04,3118,241,572,8,0,2,261,4,14,34,0,0,0,Friday,4,18.34509300833868,7.729313662604234,8.370750481077614,0.12828736369467605
1.94086e+18,2025-07-03,10051,326,872,5,0,2,58,78,274,49,1,0,0,Thursday,3,8.675753656352601,3.2434583623520052,0.5770570092528107,0.7760421848572281
1.94076e+18,2025-07-03,4230,247,620,2,0,1,247,5,31,62,0,0,0,Thursday,3,14.657210401891252,5.839243498817967,5.839243498817967,0.1182033096926714
1.94038e+18,2025-07-02,13161,263,667,10,0,1,288,14,39,44,0,0,0,Wednesday,2,5.068003951067547,1.9983283944988983,2.1882835650786414,0.10637489552465618
1.94008e+18,2025-07-01,1915,51,119,2,0,0,31,1,15,21,0,0,0,Tuesday,1,6.214099216710182,2.6631853785900783,1.618798955613577,0.05221932114882506
1.94001e+18,2025-07-01,5858,278,689,9,0,1,295,1,35,58,0,0,0,Tuesday,1,11.761693410720381,4.745646978490953,5.035848412427449,0.01707067258449983
1.93984e+18,2025-07-01,112,3,13,0,0,0,0,0,5,5,0,0,0,Tuesday,1,11.607142857142858,2.6785714285714284,0.0,0.0
1.93972e+18,2025-06-30,4608,147,395,2,0,1,122,1,27,97,0,0,0,Monday,0,8.57204861111111,3.1901041666666665,2.647569444444444,0.021701388888888888
1.93964e+18,2025-06-30,4123,295,675,13,0,7,278,8,22,49,0,0,0,Monday,0,16.371574096531653,7.1549842347805,6.74266310938637,0.19403347077370847
1.93944e+18,2025-06-29,5250,219,495,7,0,2,32,51,102,32,2,0,0,Sunday,6,9.428571428571429,4.171428571428572,0.6095238095238096,0.9714285714285713
1.9393e+18,2025-06-29,3735,310,699,16,0,4,296,2,21,37,0,0,0,Sunday,6,18.714859437751006,8.299866131191433,7.925033467202142,0.0535475234270415
1.93896e+18,2025-06-28,3592,251,590,5,0,3,244,5,27,25,0,0,0,Saturday,5,16.425389755011135,6.987750556792872,6.7928730512249444,0.13919821826280623
1.9383e+18,2025-06-26,3581,154,386,2,0,0,39,36,96,33,0,0,0,Thursday,3,10.779111979893885,4.300474727729684,1.0890812622172577,1.005305780508238
1.93819e+18,2025-06-26,3803,277,648,12,0,0,309,4,16,34,0,0,0,Thursday,3,17.039179595056535,7.283723376281882,8.125164343938994,0.1051801209571391
1.93784e+18,2025-06-25,4436,326,754,10,0,2,336,2,24,39,0,0,0,Wednesday,2,16.997294860234447,7.348963029756537,7.57439134355275,0.045085662759242556
1.93753e+18,2025-06-24,2267,144,279,2,0,1,24,37,27,32,0,0,0,Tuesday,1,12.307013674459638,6.352007057785619,1.05866784296427,1.6321129245699162
1.9375e+18,2025-06-24,9,2,2,0,0,0,0,0,0,0,0,0,0,Tuesday,1,22.22222222222222,22.22222222222222,0.0,0.0
1.93749e+18,2025-06-24,1110,19,45,1,0,0,8,2,4,12,0,0,0,Tuesday,1,4.054054054054054,1.7117117117117115,0.7207207207207207,0.18018018018018017
1.93749e+18,2025-06-24,41,1,1,0,0,0,0,0,0,0,0,0,0,Tuesday,1,2.4390243902439024,2.4390243902439024,0.0,0.0
1.93747e+18,2025-06-24,3945,248,602,6,0,1,258,4,21,44,0,0,0,Tuesday,1,15.259822560202787,6.286438529784537,6.539923954372624,0.10139416983523447
1.93723e+18,2025-06-23,4209,202,468,6,1,1,28,64,84,45,1,0,0,Monday,0,11.119030648610122,4.7992397244000955,0.6652411499168448,1.520551199809931
1.9371e+18,2025-06-23,4830,347,802,17,2,1,337,10,29,49,0,0,0,Monday,0,16.604554865424433,7.184265010351967,6.9772256728778475,0.2070393374741201
1.9369e+18,2025-06-22,424,7,9,0,0,0,0,0,1,0,1,0,0,Sunday,6,2.1226415094339623,1.650943396226415,0.0,0.0
1.93688e+18,2025-06-22,2164,39,168,2,0,3,9,3,54,31,19,0,0,Sunday,6,7.763401109057301,1.8022181146025877,0.41589648798521256,0.13863216266173753
1.93685e+18,2025-06-22,2073,79,192,3,0,1,18,27,28,39,0,0,0,Sunday,6,9.261939218523878,3.8109020742884705,0.8683068017366137,1.3024602026049203
1.93678e+18,2025-06-22,3583,241,598,15,0,0,275,4,31,39,0,0,0,Sunday,6,16.689924644152946,6.726207089031538,7.675132570471672,0.11163829193413341
1.93646e+18,2025-06-21,4238,122,278,2,0,0,96,8,21,31,0,0,0,Saturday,5,6.559697970740916,2.878716375648891,2.265219443133554,0.18876828692779613
1.93638e+18,2025-06-21,3750,255,609,10,0,1,280,5,25,31,0,0,0,Saturday,5,16.24,6.800000000000001,7.466666666666668,0.13333333333333333
1.93619e+18,2025-06-20,9386,246,708,7,0,2,37,58,194,87,0,0,0,Friday,4,7.543149371404219,2.6209247815896015,0.3942041338163222,0.6179416151715321
1.93612e+18,2025-06-20,106,1,1,0,0,0,0,0,0,0,0,0,0,Friday,4,0.9433962264150944,0.9433962264150944,0.0,0.0
1.93602e+18,2025-06-20,3585,264,647,11,0,4,296,4,23,44,0,0,0,Friday,4,18.047419804741978,7.364016736401674,8.256624825662483,0.11157601115760112
1.93573e+18,2025-06-19,5554,256,573,5,0,0,57,67,118,75,0,0,0,Thursday,3,10.316888728844075,4.609290601368383,1.026287360460929,1.2063377745768815
1.93571e+18,2025-06-19,1740,58,132,1,0,0,35,8,13,18,0,0,0,Thursday,3,7.586206896551724,3.3333333333333335,2.0114942528735633,0.45977011494252873
1.93568e+18,2025-06-19,35,0,4,0,0,0,0,0,3,1,0,0,0,Thursday,3,11.428571428571429,0.0,0.0,0.0
1.93567e+18,2025-06-19,3683,269,655,12,0,1,294,7,33,35,0,0,0,Thursday,3,17.784414879174587,7.30382840076025,7.982622861797448,0.19006244909041542
1.93567e+18,2025-06-19,8,1,1,0,0,0,0,0,0,0,0,0,0,Thursday,3,12.5,12.5,0.0,0.0
1.93567e+18,2025-06-19,5,0,0,0,0,0,0,0,0,0,0,0,0,Thursday,3,0.0,0.0,0.0,0.0
1.93567e+18,2025-06-19,7,0,1,0,0,0,0,0,1,0,0,0,0,Thursday,3,14.285714285714285,0.0,0.0,0.0
1.93567e+18,2025-06-19,5,0,0,0,0,0,0,0,0,0,0,0,0,Thursday,3,0.0,0.0,0.0,0.0
1.93567e+18,2025-06-19,8,1,1,0,0,0,0,0,0,0,0,0,0,Thursday,3,12.5,12.5,0.0,0.0
1.93567e+18,2025-06-19,7,0,0,0,0,0,0,0,0,0,0,0,0,Thursday,3,0.0,0.0,0.0,0.0
1.93567e+18,2025-06-19,9,1,1,0,0,0,0,0,0,0,0,0,0,Thursday,3,11.11111111111111,11.11111111111111,0.0,0.0
1.93539e+18,2025-06-18,3563,179,356,2,0,0,27,50,70,30,0,0,0,Wednesday,2,9.991580129104687,5.023856300870054,0.7577883805781646,1.4033118158854896
1.93537e+18,2025-06-18,2627,157,278,0,0,1,14,40,37,16,0,0,0,Wednesday,2,10.582413399314808,5.976398934145413,0.5329272934906737,1.5226494099733536
1.93536e+18,2025-06-18,42,1,4,0,0,0,3,0,0,0,0,0,0,Wednesday,2,9.523809523809524,2.380952380952381,7.142857142857142,0.0
1.93536e+18,2025-06-18,38,1,5,0,0,0,1,0,0,3,0,0,0,Wednesday,2,13.157894736842104,2.631578947368421,2.631578947368421,0.0
1.93532e+18,2025-06-18,167,0,7,0,0,0,0,0,7,0,0,0,0,Wednesday,2,4.191616766467066,0.0,0.0,0.0
1.93529e+18,2025-06-18,2921,270,661,13,0,3,295,3,41,38,0,0,0,Wednesday,2,22.62923656282095,9.243409791167409,10.099281068127354,0.10270455323519344
1.93509e+18,2025-06-17,180,0,0,0,0,0,0,0,0,0,0,0,0,Tuesday,1,0.0,0.0,0.0,0.0
1.93497e+18,2025-06-17,5175,260,819,13,0,4,69,68,206,190,0,0,0,Tuesday,1,15.82608695652174,5.024154589371981,1.3333333333333335,1.3140096618357486
1.93493e+18,2025-06-17,3308,262,618,9,0,6,268,7,31,36,0,0,0,Tuesday,1,18.681983071342202,7.9201934703748496,8.101571946795646,0.21160822249093109
1.93475e+18,2025-06-16,17,1,1,0,0,0,0,0,0,0,0,0,0,Monday,0,5.88235294117647,5.88235294117647,0.0,0.0
1.93473e+18,2025-06-16,1417,25,100,1,0,0,3,2,40,30,0,0,0,Monday,0,7.057163020465773,1.7642907551164433,0.2117148906139732,0.14114326040931546
1.93472e+18,2025-06-16,5356,214,672,7,0,3,27,61,129,38,2,0,0,Monday,0,12.546676624346528,3.9955190440627333,0.5041075429424944,1.1389096340552651
1.93472e+18,2025-06-16,549,1,16,0,0,0,0,0,12,3,0,0,0,Monday,0,2.914389799635701,0.18214936247723132,0.0,0.0
1.93456e+18,2025-06-16,3568,268,670,7,1,4,303,12,26,45,1,0,0,Monday,0,18.778026905829595,7.511210762331838,8.492152466367713,0.336322869955157
1.9343e+18,2025-06-15,2244,85,170,4,0,0,44,2,11,28,0,0,0,Sunday,6,7.575757575757576,3.787878787878788,1.9607843137254901,0.08912655971479501
1.9342e+18,2025-06-15,2999,209,490,8,0,1,216,5,19,30,0,0,0,Sunday,6,16.33877959319773,6.968989663221074,7.202400800266756,0.16672224074691563
1.9339e+18,2025-06-14,6088,254,596,5,1,6,43,80,126,52,0,0,0,Saturday,5,9.789750328515112,4.1721419185282524,0.7063074901445466,1.314060446780552
1.93384e+18,2025-06-14,3225,249,588,5,0,0,277,3,21,27,0,0,0,Saturday,5,18.23255813953488,7.720930232558139,8.589147286821705,0.09302325581395349
1.93357e+18,2025-06-13,5594,156,358,5,0,1,129,7,29,36,0,0,0,Friday,4,6.399713979263496,2.788702180908116,2.306042188058634,0.12513407222023595
1.93348e+18,2025-06-13,6165,314,745,10,0,2,342,5,24,34,1,0,0,Friday,4,12.084347120843471,5.093268450932684,5.547445255474453,0.08110300081103002
1.93324e+18,2025-06-12,8046,229,544,5,0,9,45,74,150,37,0,0,0,Thursday,3,6.761123539647029,2.8461347253293563,0.5592841163310962,0.9197116579666915
1.93311e+18,2025-06-12,3310,282,674,9,0,3,302,10,41,29,0,0,0,Thursday,3,20.362537764350453,8.519637462235648,9.123867069486405,0.3021148036253776
1.93285e+18,2025-06-11,3148,170,378,4,0,0,28,39,118,23,0,0,0,Wednesday,2,12.007623888182973,5.400254129606099,0.8894536213468869,1.2388818297331639
1.93279e+18,2025-06-11,332,4,15,0,0,0,4,0,5,2,0,0,0,Wednesday,2,4.518072289156627,1.2048192771084338,1.2048192771084338,0.0
1.93276e+18,2025-06-11,4624,335,762,11,0,3,327,10,33,40,0,0,0,Wednesday,2,16.47923875432526,7.244809688581315,7.071799307958478,0.21626297577854672
1.93251e+18,2025-06-10,164,0,11,0,0,0,0,0,6,0,5,0,0,Tuesday,1,6.707317073170732,0.0,0.0,0.0
1.93242e+18,2025-06-10,3411,134,258,2,1,2,14,40,45,14,0,0,0,Tuesday,1,7.563764291996482,3.9284667253004986,0.4104368220463207,1.1726766344180592
1.9324e+18,2025-06-10,3551,295,717,8,0,6,325,8,25,47,0,0,0,Tuesday,1,20.19149535342157,8.307519008729935,9.152351450295692,0.22528865108420162
1.93215e+18,2025-06-09,51,0,1,0,0,0,0,0,1,0,0,0,0,Monday,0,1.9607843137254901,0.0,0.0,0.0
1.9321e+18,2025-06-09,49,0,3,0,0,0,0,0,1,2,0,0,0,Monday,0,6.122448979591836,0.0,0.0,0.0
1.93209e+18,2025-06-09,129,0,3,0,0,0,1,0,2,0,0,0,0,Monday,0,2.3255813953488373,0.0,0.7751937984496124,0.0
1.93209e+18,2025-06-09,7425,203,505,4,1,3,33,58,114,37,0,0,0,Monday,0,6.801346801346801,2.734006734006734,0.4444444444444444,0.7811447811447811
1.93203e+18,2025-06-09,3415,305,711,8,0,2,318,6,37,34,0,0,0,Monday,0,20.8199121522694,8.931185944363104,9.31185944363104,0.17569546120058566
1.93167e+18,2025-06-08,3479,155,331,2,0,4,26,48,46,51,1,0,0,Sunday,6,9.514228226501869,4.455303248059788,0.7473411899971256,1.3797068123023857
1.93165e+18,2025-06-08,2742,246,592,14,0,0,269,5,27,33,0,0,0,Sunday,6,21.590080233406272,8.971553610503284,9.810357403355214,0.18234865061998543
1.93165e+18,2025-06-08,17,1,2,1,0,0,0,0,0,1,0,0,0,Sunday,6,11.76470588235294,5.88235294117647,0.0,0.0
1.93145e+18,2025-06-07,2070,115,254,3,0,1,79,3,40,16,0,0,0,Saturday,5,12.270531400966183,5.555555555555555,3.816425120772947,0.14492753623188406
1.93143e+18,2025-06-07,889,24,61,1,0,0,5,2,8,20,0,0,0,Saturday,5,6.86164229471316,2.699662542182227,0.562429696287964,0.22497187851518563
1.93137e+18,2025-06-07,6888,192,507,8,0,3,37,67,128,80,0,0,0,Saturday,5,7.360627177700349,2.7874564459930316,0.5371660859465738,0.9727061556329849
1.93132e+18,2025-06-07,2925,254,593,11,0,1,267,2,30,32,0,0,0,Saturday,5,20.273504273504273,8.683760683760685,9.12820512820513,0.06837606837606838
1.93112e+18,2025-06-06,67,0,1,0,0,0,0,0,1,0,0,0,0,Friday,4,1.4925373134328357,0.0,0.0,0.0
1.9311e+18,2025-06-06,3648,158,357,5,0,0,139,8,29,23,0,0,0,Friday,4,9.786184210526317,4.3311403508771935,3.8103070175438596,0.21929824561403508
1.93098e+18,2025-06-06,3144,254,590,14,1,2,262,4,20,35,0,0,0,Friday,4,18.765903307888042,8.078880407124682,8.333333333333332,0.1272264631043257
1.93079e+18,2025-06-06,30,1,3,0,0,0,0,0,0,2,0,0,0,Friday,4,10.0,3.3333333333333335,0.0,0.0
1.93079e+18,2025-06-06,1248,57,118,1,1,1,22,7,9,15,0,0,0,Friday,4,9.455128205128204,4.567307692307692,1.7628205128205128,0.5608974358974359
1.93074e+18,2025-06-05,1170,0,5,0,0,0,3,0,2,0,0,0,0,Thursday,3,0.4273504273504274,0.0,0.2564102564102564,0.0
1.93072e+18,2025-06-05,1233,35,72,0,0,0,15,2,5,15,0,0,0,Thursday,3,5.839416058394161,2.83860502838605,1.2165450121654502,0.16220600162206003
1.93071e+18,2025-06-05,2852,115,313,2,0,0,14,31,63,19,0,0,0,Thursday,3,10.974754558204769,4.032258064516129,0.4908835904628331,1.0869565217391304
1.9307e+18,2025-06-05,127,0,7,0,0,0,0,0,4,3,0,0,0,Thursday,3,5.511811023622047,0.0,0.0,0.0
1.93059e+18,2025-06-05,3278,289,675,11,0,1,319,2,14,38,0,0,0,Thursday,3,20.59182428309945,8.816351433801097,9.731543624161073,0.06101281269066504
1.9304e+18,2025-06-04,102,1,5,0,0,0,0,0,3,1,0,0,0,Wednesday,2,4.901960784313726,0.9803921568627451,0.0,0.0
1.93035e+18,2025-06-04,4625,85,531,7,1,3,19,28,304,61,0,0,0,Wednesday,2,11.481081081081081,1.8378378378378377,0.41081081081081083,0.6054054054054054
1.93024e+18,2025-06-04,2713,244,573,8,1,1,271,5,11,28,0,0,0,Wednesday,2,21.120530777736825,8.993733873940288,9.98894213048286,0.18429782528566163
1.93006e+18,2025-06-04,156,2,4,0,0,0,0,0,2,0,0,0,0,Wednesday,2,2.564102564102564,1.282051282051282,0.0,0.0
1.92997e+18,2025-06-03,2423,64,217,1,0,6,71,2,13,61,0,0,0,Tuesday,1,8.955839867932315,2.6413536937680564,2.9302517540239372,0.08254230293025176
1.92988e+18,2025-06-03,3636,296,700,16,0,2,319,6,29,36,1,0,0,Tuesday,1,19.251925192519252,8.14081408140814,8.773377337733773,0.16501650165016502
1.9297e+18,2025-06-03,2476,182,417,13,0,1,181,3,20,21,0,0,0,Tuesday,1,16.84168012924071,7.350565428109855,7.310177705977383,0.12116316639741519
1.92966e+18,2025-06-02,1111,40,70,1,0,0,19,1,6,4,0,0,0,Monday,0,6.300630063006301,3.6003600360036003,1.7101710171017102,0.09000900090009001
1.92962e+18,2025-06-02,1867,54,157,2,0,1,34,2,36,30,0,0,0,Monday,0,8.409212640599893,2.89234065345474,1.821103374397429,0.10712372790573112
1.9296e+18,2025-06-02,1989,90,167,6,0,1,48,5,7,16,0,0,0,Monday,0,8.396178984414277,4.524886877828054,2.413273001508296,0.2513826043237808
1.92957e+18,2025-06-02,762,15,36,1,0,0,8,0,4,9,0,0,0,Monday,0,4.724409448818897,1.968503937007874,1.0498687664041995,0.0
1.9295e+18,2025-06-02,3755,317,741,16,0,4,323,8,37,37,0,0,0,Monday,0,19.73368841544607,8.442077230359521,8.601864181091877,0.21304926764314247
1.92913e+18,2025-06-01,4517,364,851,17,0,4,360,15,41,51,0,0,0,Sunday,6,18.83993801195484,8.05844587115342,7.9698915209209655,0.3320788133717069
1.92885e+18,2025-05-31,3528,198,407,4,0,3,129,9,37,31,0,0,0,Saturday,5,11.536281179138323,5.612244897959184,3.6564625850340136,0.25510204081632654
1.92877e+18,2025-05-31,4560,349,773,15,0,2,320,8,33,41,0,0,0,Saturday,5,16.95175438596491,7.6535087719298245,7.017543859649122,0.17543859649122806
1.92862e+18,2025-05-31,2838,244,504,6,0,1,198,4,18,26,0,0,0,Saturday,5,17.758985200845668,8.597603946441156,6.976744186046512,0.14094432699083861
1.92855e+18,2025-05-30,1312,64,167,0,0,0,18,0,12,8,0,0,0,Friday,4,12.728658536585366,4.878048780487805,1.3719512195121952,0.0
1.92853e+18,2025-05-30,1418,80,207,1,0,0,28,2,7,15,0,0,0,Friday,4,14.598025387870239,5.6417489421720735,1.9746121297602257,0.14104372355430184
1.92852e+18,2025-05-30,993,25,50,0,0,0,14,0,4,7,0,0,0,Friday,4,5.0352467270896275,2.5176233635448138,1.4098690835850958,0.0
1.9285e+18,2025-05-30,967,28,49,0,0,0,6,3,0,12,0,0,0,Friday,4,5.067218200620475,2.8955532574974145,0.6204756980351602,0.3102378490175801
1.92849e+18,2025-05-30,1441,45,88,0,0,0,29,0,4,10,0,0,0,Friday,4,6.106870229007633,3.1228313671061763,2.012491325468425,0.0
1.9284e+18,2025-05-30,4504,360,815,19,0,2,365,11,24,38,0,0,0,Friday,4,18.095026642984013,7.992895204262878,8.103907637655418,0.24422735346358795
1.9282e+18,2025-05-29,164,2,7,0,0,0,1,0,2,2,0,0,0,Thursday,3,4.2682926829268295,1.2195121951219512,0.6097560975609756,0.0
1.92817e+18,2025-05-29,4486,201,457,5,0,5,142,7,27,75,0,0,0,Thursday,3,10.187249219794918,4.480606330806955,3.1654034774855107,0.1560410164957646
1.92809e+18,2025-05-29,1637,41,136,2,0,0,9,3,44,25,4,0,0,Thursday,3,8.307880268784363,2.504581551618815,0.5497861942577886,0.1832620647525962
1.92805e+18,2025-05-29,4199,302,707,6,0,1,313,5,43,27,0,0,0,Thursday,3,16.837342224339128,7.192188616337224,7.454155751369374,0.11907597046915933
1.92779e+18,2025-05-28,2445,85,209,1,0,2,68,0,17,37,0,0,0,Wednesday,2,8.548057259713701,3.476482617586912,2.78118609406953,0.0
1.92767e+18,2025-05-28,4103,301,709,9,0,2,327,1,20,42,0,0,0,Wednesday,2,17.28003899585669,7.336095539848891,7.969778211065075,0.024372410431391666
1.92743e+18,2025-05-27,7860,223,472,2,0,0,166,4,46,33,0,0,0,Tuesday,1,6.005089058524173,2.837150127226463,2.111959287531807,0.05089058524173028
1.92734e+18,2025-05-27,4940,414,849,17,0,3,329,4,39,35,0,0,0,Tuesday,1,17.186234817813766,8.380566801619434,6.659919028340081,0.08097165991902834
1.92707e+18,2025-05-26,1429,81,140,0,0,1,30,3,10,15,0,0,0,Monday,0,9.79706088173548,5.668299510146956,2.099370188943317,0.2099370188943317
1.92697e+18,2025-05-26,3196,404,791,10,0,4,321,8,14,27,0,0,0,Monday,0,24.749687108886107,12.640801001251564,10.043804755944931,0.2503128911138924
1.92673e+18,2025-05-25,2086,91,184,3,0,2,41,4,23,23,0,0,0,Sunday,6,8.820709491850431,4.3624161073825505,1.9654841802492808,0.19175455417066153
1.92667e+18,2025-05-25,2104,77,220,4,0,0,15,17,31,73,0,0,0,Sunday,6,10.456273764258556,3.6596958174904946,0.7129277566539924,0.8079847908745247
1.9266e+18,2025-05-25,3883,288,645,6,0,2,287,5,24,28,0,0,0,Sunday,6,16.61086788565542,7.416945660571724,7.39119237702807,0.12876641771825909
1.92629e+18,2025-05-24,1731,62,120,1,0,1,32,1,7,17,0,0,0,Saturday,5,6.932409012131716,3.581744656268053,1.848642403235124,0.05777007510109763
1.92624e+18,2025-05-24,4947,282,690,9,0,1,306,5,45,38,0,0,0,Saturday,5,13.947847180109157,5.700424499696786,6.185567010309279,0.1010713563776026
1.92604e+18,2025-05-23,51,1,4,0,0,0,1,0,1,1,0,0,0,Friday,4,7.8431372549019605,1.9607843137254901,1.9607843137254901,0.0
1.92604e+18,2025-05-23,3253,131,340,1,1,2,99,7,55,46,0,0,0,Friday,4,10.451890562557638,4.027051952044267,3.0433446049800184,0.21518598217030432
1.92595e+18,2025-05-23,4582,141,364,5,0,8,101,5,80,29,0,0,0,Friday,4,7.944129201222173,3.077258838934963,2.2042776080314272,0.10912265386294195
1.92587e+18,2025-05-23,4182,304,720,9,1,3,308,4,33,63,0,0,0,Friday,4,17.216642754662843,7.269249163079866,7.364897178383549,0.09564801530368246
1.92573e+18,2025-05-23,1013,28,61,0,0,0,22,0,8,3,0,0,0,Friday,4,6.021717670286279,2.7640671273445214,2.171767028627838,0.0
1.92566e+18,2025-05-22,1348,61,93,1,0,0,22,1,4,5,0,0,0,Thursday,3,6.899109792284866,4.525222551928784,1.6320474777448073,0.0741839762611276
1.92564e+18,2025-05-22,11,1,1,0,0,0,0,0,0,0,0,0,0,Thursday,3,9.090909090909092,9.090909090909092,0.0,0.0
1.92564e+18,2025-05-22,10,0,1,0,0,0,0,0,1,0,0,0,0,Thursday,3,10.0,0.0,0.0,0.0
1.92562e+18,2025-05-22,1719,51,107,2,0,1,34,2,7,12,0,0,0,Thursday,3,6.224549156486329,2.966841186736475,1.977894124490983,0.11634671320535195
1.92559e+18,2025-05-22,1393,48,78,3,0,1,15,1,4,9,0,0,0,Thursday,3,5.599425699928212,3.4458004307250536,1.0768126346015794,0.07178750897343862
1.92558e+18,2025-05-22,90,0,4,0,0,0,0,0,4,0,0,0,0,Thursday,3,4.444444444444445,0.0,0.0,0.0
1.92558e+18,2025-05-22,153,2,7,0,0,0,0,0,4,1,0,0,0,Thursday,3,4.57516339869281,1.3071895424836601,0.0,0.0
1.92554e+18,2025-05-22,1115,37,65,2,0,0,13,0,1,14,0,0,0,Thursday,3,5.829596412556054,3.3183856502242155,1.1659192825112108,0.0
1.92551e+18,2025-05-22,3706,302,712,6,0,1,306,9,43,29,0,0,0,Thursday,3,19.21208850512682,8.148947652455478,8.256880733944955,0.24284943335132217
